{"working_dir":"C:\\Users\\Valentina Andrade\\Documents\\GitHub\\teach-R\\sesiones\\04-class\\04-clase","default_chunk_options":{},"chunk_definitions":[{"row":12,"row_count":1,"visible":true,"expansion_state":0,"options":{"include":false,"engine":"r","label":"setup","echo":false},"document_id":"9ED16653","chunk_id":"csetup_chunk","chunk_label":"setup"},{"row":52,"row_count":1,"visible":true,"expansion_state":0,"options":{"engine":"r","label":"paquetes"},"document_id":"9ED16653","chunk_id":"c13ih035c5cmc","chunk_label":"paquetes"},{"row":66,"row_count":1,"visible":true,"expansion_state":0,"options":{"engine":"r","label":"datos"},"document_id":"9ED16653","chunk_id":"cpb3fbxwm03nq","chunk_label":"datos"},{"row":74,"row_count":1,"visible":true,"expansion_state":0,"options":{"engine":"r","label":"explorar base1"},"document_id":"9ED16653","chunk_id":"c4bj26iblhajq","chunk_label":"explorar base1"},{"row":79,"row_count":1,"visible":true,"expansion_state":0,"options":{"engine":"r","label":"explorar base"},"document_id":"9ED16653","chunk_id":"c7xn5lbsftd8h","chunk_label":"explorar base"},{"row":85,"row_count":1,"visible":true,"expansion_state":0,"options":{"engine":"r","label":"sjmisc"},"document_id":"9ED16653","chunk_id":"c4gaa2ccsmw4o","chunk_label":"sjmisc"},{"row":184,"row_count":1,"visible":true,"expansion_state":0,"options":{"engine":"r","label":"select"},"document_id":"9ED16653","chunk_id":"cmpmtfemsbyra","chunk_label":"select"},{"row":192,"row_count":1,"visible":true,"expansion_state":0,"options":{"engine":"r","label":"select-indexacion"},"document_id":"9ED16653","chunk_id":"cqpz05ytojuqe","chunk_label":"select-indexacion"},{"row":198,"row_count":1,"visible":true,"expansion_state":0,"options":{"engine":"r","label":"select-rename"},"document_id":"9ED16653","chunk_id":"csogq01xlidal","chunk_label":"select-rename"},{"row":206,"row_count":1,"visible":true,"expansion_state":0,"options":{"engine":"r","label":"select-everything"},"document_id":"9ED16653","chunk_id":"chrtcxhaya67x","chunk_label":"select-everything"},{"row":225,"row_count":1,"visible":true,"expansion_state":0,"options":{"engine":"r","label":"select-caracteres"},"document_id":"9ED16653","chunk_id":"cdqfweu0pub4s","chunk_label":"select-caracteres"},{"row":251,"row_count":1,"visible":true,"expansion_state":0,"options":{"engine":"r","label":"select varios"},"document_id":"9ED16653","chunk_id":"cvenjo22yubtj","chunk_label":"select varios"},{"row":257,"row_count":1,"visible":true,"expansion_state":0,"options":{"engine":"r","label":"unnamed-chunk-1"},"document_id":"9ED16653","chunk_id":"c03zoru0bb4km","chunk_label":"unnamed-chunk-1"},{"row":274,"row_count":1,"visible":true,"expansion_state":0,"options":{"engine":"r","label":"filter-ejemplo","eval":false},"document_id":"9ED16653","chunk_id":"c8t8sknay55qf","chunk_label":"filter-ejemplo"},{"row":283,"row_count":1,"visible":true,"expansion_state":0,"options":{"engine":"r","label":"filter-numeros"},"document_id":"9ED16653","chunk_id":"cbh73vuo9c60t","chunk_label":"filter-numeros"},{"row":289,"row_count":1,"visible":true,"expansion_state":0,"options":{"engine":"r","label":"filter-maximos"},"document_id":"9ED16653","chunk_id":"coirfx61r7zpr","chunk_label":"filter-maximos"},{"row":303,"row_count":1,"visible":true,"expansion_state":0,"options":{"engine":"r","label":"filter-caracteres"},"document_id":"9ED16653","chunk_id":"ct2qpoh4klu14","chunk_label":"filter-caracteres"},{"row":309,"row_count":1,"visible":true,"expansion_state":0,"options":{"engine":"r","label":"filter-factores"},"document_id":"9ED16653","chunk_id":"cub8wtncxfo27","chunk_label":"filter-factores"},{"row":315,"row_count":1,"visible":true,"expansion_state":0,"options":{"engine":"r","label":"filter-caracteres-problemas"},"document_id":"9ED16653","chunk_id":"cxbju7q0ljlkp","chunk_label":"filter-caracteres-problemas"},{"row":326,"row_count":1,"visible":true,"expansion_state":0,"options":{"engine":"r","label":"filter-in"},"document_id":"9ED16653","chunk_id":"cguabvd2o9o2v","chunk_label":"filter-in"},{"row":337,"row_count":1,"visible":true,"expansion_state":0,"options":{"engine":"r","label":"mutate-ejemplo","eval":false},"document_id":"9ED16653","chunk_id":"chzn1g7keapnx","chunk_label":"mutate-ejemplo"},{"row":347,"row_count":1,"visible":true,"expansion_state":0,"options":{"engine":"r","label":"mutate-numeros"},"document_id":"9ED16653","chunk_id":"c6j2zw4cxhrzz","chunk_label":"mutate-numeros"},{"row":365,"row_count":1,"visible":true,"expansion_state":0,"options":{"engine":"r","label":"pipe-mutate-filter"},"document_id":"9ED16653","chunk_id":"ceqn4obef3t6a","chunk_label":"pipe-mutate-filter"},{"row":376,"row_count":1,"visible":true,"expansion_state":0,"options":{"engine":"r","label":"mutate-recode"},"document_id":"9ED16653","chunk_id":"c7zoagfw8qt0e","chunk_label":"mutate-recode"},{"row":388,"row_count":1,"visible":true,"expansion_state":0,"options":{"engine":"r","label":"ejemplo-car","eval":false,"echo":false,"include":true},"document_id":"9ED16653","chunk_id":"cypvsuwjnnd3q","chunk_label":"ejemplo-car"},{"row":395,"row_count":1,"visible":true,"expansion_state":0,"options":{"engine":"r","label":"car"},"document_id":"9ED16653","chunk_id":"cgt8k9mmg28gz","chunk_label":"car"},{"row":402,"row_count":1,"visible":true,"expansion_state":0,"options":{"engine":"r","label":"car-factores"},"document_id":"9ED16653","chunk_id":"clcdl513de4ij","chunk_label":"car-factores"},{"row":420,"row_count":1,"visible":true,"expansion_state":0,"options":{"engine":"r","label":"fonasa-ifelse"},"document_id":"9ED16653","chunk_id":"cj6wbh56fm2rg","chunk_label":"fonasa-ifelse"},{"row":427,"row_count":1,"visible":true,"expansion_state":0,"options":{"engine":"r","label":"mutate-validador"},"document_id":"9ED16653","chunk_id":"ck1jsc8by7zsp","chunk_label":"mutate-validador"},{"row":451,"row_count":1,"visible":true,"expansion_state":0,"options":{"engine":"r","label":"case-when-ejemplo"},"document_id":"9ED16653","chunk_id":"cztih590xa0po","chunk_label":"case-when-ejemplo"},{"row":486,"row_count":1,"visible":true,"expansion_state":0,"options":{"engine":"r","label":"guardar-datos"},"document_id":"9ED16653","chunk_id":"cdkqyfgskqop0","chunk_label":"guardar-datos"},{"row":491,"row_count":1,"visible":true,"expansion_state":0,"options":{"engine":"r","label":"sjplot-viewdf"},"document_id":"9ED16653","chunk_id":"ccps8hef83vkt","chunk_label":"sjplot-viewdf"},{"row":499,"row_count":1,"visible":true,"expansion_state":0,"options":{"engine":"r","eval":false,"include":true,"label":"unnamed-chunk-1"},"document_id":"9ED16653","chunk_id":"cn0z3ylnohr56","chunk_label":"unnamed-chunk-2"}],"doc_write_time":1630286007}